[
  {
    "id": 5,
    "name": "ZAP - Le Tapageur",
    "description": "Fax: ?",
    "civic_number": 83,
    "street_name": "King Ouest",
    "city": "Sherbrooke",
    "province": "Québec",
    "country": "Canada",
    "postal_code": "J1H 1P1",
    "public_phone_number": "819-823-5444",
    "public_email": 0,
    "latitude": 45.401781,
    "longitude": -71.889849
  },
  {
    "id": 24,
    "name": "ZAP - Clinique optométrique Place de l'Est",
    "description": 0,
    "civic_number": 29,
    "street_name": "10e avenue Nord",
    "city": "Sherbrooke",
    "province": "Quebec",
    "country": "Canada",
    "postal_code": "J1E 2T1",
    "public_phone_number": "819-563-1191",
    "public_email": "charles@cliniqueopto.com",
    "latitude": 45.408478,
    "longitude": -71.872741
  },
  {
    "id": 60,
    "name": "ZAP - Cégep de Sherbrooke (17)",
    "description": 0,
    "civic_number": 475,
    "street_name": "rue du Cégep",
    "city": "Sherbrooke",
    "province": "Quebec",
    "country": "J1E 4K1",
    "postal_code": "J1E 4K1",
    "public_phone_number": "(819) 564-6350<br/><a href=http://www.cegepsherbro",
    "public_email": 0,
    "latitude": 45.409022,
    "longitude": -71.883414
  },
  {
    "id": 69,
    "name": "ZAP - CDE Solutions Informatiques",
    "description": 0,
    "civic_number": 37,
    "street_name": "Wellington",
    "city": "Sherbrooke",
    "province": "Québec",
    "country": "Canada",
    "postal_code": "J1H 5A9",
    "public_phone_number": "819-346-5000",
    "public_email": "jf.landry@cdesolutions.ca",
    "latitude": 45.401959,
    "longitude": -71.890803
  },
  {
    "id": 84,
    "name": "ZAP - F3. Parc André-Viger",
    "description": 0,
    "civic_number": 3275,
    "street_name": "Richard",
    "city": "Sherbrooke",
    "province": "Québec",
    "country": "Canada",
    "postal_code": "J1L2R9",
    "public_phone_number": 0,
    "public_email": 0,
    "latitude": 45.410498,
    "longitude": -71.948541
  },
  {
    "id": 87,
    "name": "ZAP - Municipalité de Saint-Herméningilde",
    "description": "Zap pour la municipalié de Saint-Herméningilde.",
    "civic_number": 776,
    "street_name": "pincipale",
    "city": "st-hermenegilde",
    "province": "quebec",
    "country": "canada",
    "postal_code": "j0b2w0",
    "public_phone_number": 8198494443,
    "public_email": "municipalite@st-hermenegilde.qc.ca",
    "latitude": 45.106182,
    "longitude": -71.678102
  },
  {
    "id": 92,
    "name": "ZAP - Clinique Dentaire Carrefour Santé",
    "description": 0,
    "civic_number": 2910,
    "street_name": "Boulevard De Portland",
    "city": "Sherbrooke",
    "province": "Quebec",
    "country": "Canada",
    "postal_code": "J1L1R8",
    "public_phone_number": "819-563-1666",
    "public_email": 0,
    "latitude": "NULL",
    "longitude": "NULL"
  },
  {
    "id": 93,
    "name": "ZAP - Complexe de la Cité des rivières",
    "description": 0,
    "civic_number": 950,
    "street_name": "King Ouest",
    "city": "Sherbrooke",
    "province": "Québec",
    "country": "Canada",
    "postal_code": "J1H 1S3",
    "public_phone_number": "819-346-1133",
    "public_email": "info@aucomplexe.com",
    "latitude": 45.398979,
    "longitude": -71.904421
  },
  {
    "id": 94,
    "name": "ZAP - Corporation de développement économique communautaire de Sherbrooke",
    "description": 0,
    "civic_number": 79,
    "street_name": "Wellington Nord, Bureau 302",
    "city": "Sherbrooke",
    "province": "Québec",
    "country": "Canada",
    "postal_code": "J1H5A9",
    "public_phone_number": "819-563-1600",
    "public_email": "cdec@cdec-sherbrooke.qc.ca",
    "latitude": 45.402657,
    "longitude": -71.891088
  },
  {
    "id": 98,
    "name": "ZAP - Terminus Limocar",
    "description": 0,
    "civic_number": 80,
    "street_name": "Dépôt",
    "city": "Sherbrooke",
    "province": "Quebec",
    "country": "Canada",
    "postal_code": "J1H 5G1",
    "public_phone_number": "819-562-8899",
    "public_email": 0,
    "latitude": 45.399974,
    "longitude": -71.888269
  },
  {
    "id": 99,
    "name": "ZAP - Arena Magog",
    "description": 0,
    "civic_number": 100,
    "street_name": "rue Saint-Alphonse Nord",
    "city": "Magog",
    "province": "Qc",
    "country": "can",
    "postal_code": "J1X 3Y5",
    "public_phone_number": "819 843-9866",
    "public_email": 0,
    "latitude": 45.262448,
    "longitude": -72.128552
  },
  {
    "id": 100,
    "name": "ZAP - Restaurant Demers",
    "description": 0,
    "civic_number": 936,
    "street_name": "Rue du Conseil",
    "city": "Sherbrooke",
    "province": "Quebec",
    "country": "Canada",
    "postal_code": "J1G 1L7",
    "public_phone_number": "819-564-2811",
    "public_email": 0,
    "latitude": 45.403681,
    "longitude": -71.868789
  },
  {
    "id": 102,
    "name": "ZAP - F1. Parc du Domaine Howard-SDES/local S108",
    "description": 0,
    "civic_number": 1308,
    "street_name": "Boulevard Portland",
    "city": "Sherbrooke",
    "province": "Quebec",
    "country": "Canada",
    "postal_code": "J1H5L9",
    "public_phone_number": "819-821-5577",
    "public_email": 0,
    "latitude": 45.40207,
    "longitude": -71.909713
  },
  {
    "id": 104,
    "name": "ZAP - La Piazzetta Magog",
    "description": "Restaurant La Piazzetta de Magog",
    "civic_number": 399,
    "street_name": "Principale",
    "city": "Magog",
    "province": "Québec",
    "country": "Canada",
    "postal_code": "J1X 2B2",
    "public_phone_number": "819-843-4044",
    "public_email": 0,
    "latitude": 45.266243,
    "longitude": -72.153045
  },
  {
    "id": 106,
    "name": "ZAP - Clinique optométrique de Sherbrooke",
    "description": 0,
    "civic_number": 243,
    "street_name": "King Ouest",
    "city": "Sherbrooke",
    "province": "Quebec",
    "country": "Canada",
    "postal_code": "J4Z 3P2",
    "public_phone_number": "819 563-1191",
    "public_email": "charles@cliniqueopto.com",
    "latitude": 45.399969,
    "longitude": -71.893429
  },
  {
    "id": 107,
    "name": "ZAP - Taverne Alexandre",
    "description": 0,
    "civic_number": 440,
    "street_name": "Alexandre",
    "city": "Sherbrooke",
    "province": "Québec",
    "country": "Canada",
    "postal_code": "J1H4T4",
    "public_phone_number": "(819) 562-7907",
    "public_email": 0,
    "latitude": 45.394513,
    "longitude": -71.890495
  },
  {
    "id": 108,
    "name": "ZAP - A2. Maison des arts et de la culture Salle Kruger",
    "description": 0,
    "civic_number": 1,
    "street_name": "Wilfred-Laurier",
    "city": "Bromptonville",
    "province": "Quebec",
    "country": "Canada",
    "postal_code": "J1C 0P3",
    "public_phone_number": "819-846-1122",
    "public_email": 0,
    "latitude": 45.475864,
    "longitude": -71.940291
  },
  {
    "id": 109,
    "name": "ZAP - E3. Bibliothèque et Centre Culturel (Rock Forest)",
    "description": 0,
    "civic_number": 968,
    "street_name": "Haut-Bois sud",
    "city": "Rock Forest",
    "province": "Quebec",
    "country": "Canada",
    "postal_code": "J1N2C8",
    "public_phone_number": "819-823-8676",
    "public_email": 0,
    "latitude": 45.369243,
    "longitude": -71.989675
  },
  {
    "id": 113,
    "name": "ZAP - B4. Édifice Expo-Sherbrooke/grande salle CERAS",
    "description": 0,
    "civic_number": 300,
    "street_name": "rue du Cégep",
    "city": "Sherbrooke",
    "province": "Qc",
    "country": "Canada",
    "postal_code": "J1E 2J9",
    "public_phone_number": 0,
    "public_email": 0,
    "latitude": 45.409802,
    "longitude": -71.881325
  },
  {
    "id": 116,
    "name": "ZAP - Café Pierre Jean Jase",
    "description": 0,
    "civic_number": 550,
    "street_name": "Montréal",
    "city": "Sherbrooke",
    "province": "Québec",
    "country": "canada",
    "postal_code": "J1H 1E8",
    "public_phone_number": "819-829-5927",
    "public_email": 0,
    "latitude": 45.404967,
    "longitude": -71.899563
  },
  {
    "id": 118,
    "name": "ZAP - B6. Centre Culturel et Communautaire du Coeur Immaculé",
    "description": "Centre Culturel et Communautaire du Coeur Immaculé",
    "civic_number": 987,
    "street_name": "Conseil",
    "city": "Sherbrooke",
    "province": "Quebec",
    "country": "Canada",
    "postal_code": 0,
    "public_phone_number": 0,
    "public_email": 0,
    "latitude": 45.403991,
    "longitude": -71.866907
  },
  {
    "id": 119,
    "name": "ZAP - Centre Dentaire Portland",
    "description": 0,
    "civic_number": 1855,
    "street_name": "de Portland",
    "city": "Sherbrooke",
    "province": "Quebec",
    "country": "Canada",
    "postal_code": "J1J 3V7",
    "public_phone_number": "819.563.1311",
    "public_email": 0,
    "latitude": 45.403772,
    "longitude": -71.91977
  },
  {
    "id": 120,
    "name": "ZAP - STS rue du Dépôt",
    "description": 0,
    "civic_number": 50,
    "street_name": "King Ouest",
    "city": "Sherbrooke",
    "province": "Québec",
    "country": "Canada",
    "postal_code": 0,
    "public_phone_number": "819-564-2687",
    "public_email": 0,
    "latitude": 45.402046,
    "longitude": -71.888747
  },
  {
    "id": 121,
    "name": "ZAP - Le Tassé",
    "description": "Samuel Lessard-Beaupré",
    "civic_number": 426,
    "street_name": "Conseil",
    "city": "Sherbrooke",
    "province": "Québec",
    "country": "Canada",
    "postal_code": "J1G1J7",
    "public_phone_number": "1-819-791-2211",
    "public_email": "samuellbeaupre@hotmail.com",
    "latitude": 45.403321,
    "longitude": -71.877641
  },
  {
    "id": 123,
    "name": "ZAP - Dobson-Lagassé Entrepreneurship Centre (Bishop's University)",
    "description": 0,
    "civic_number": 0,
    "street_name": 0,
    "city": "Sherbrooke",
    "province": "Quebec",
    "country": "Canada",
    "postal_code": "J1M 0C8",
    "public_phone_number": "819-822-9600, 2701",
    "public_email": 0,
    "latitude": 45.365466,
    "longitude": -71.845039
  },
  {
    "id": 124,
    "name": "ZAP - Commerce Sherbrooke",
    "description": 0,
    "civic_number": 178,
    "street_name": "Wellington Nord",
    "city": "Sherbrooke",
    "province": "Québec",
    "country": "Canada",
    "postal_code": "J1H 5C5",
    "public_phone_number": "819-822-6082",
    "public_email": "info@centrevillesherbrooke.ca",
    "latitude": 45.404097,
    "longitude": -71.892063
  },
  {
    "id": 125,
    "name": "ZAP - E1. Bibliothèque du secteur de Saint-Élie/local 127",
    "description": 0,
    "civic_number": 4503,
    "street_name": "chemin Saint-Roch Nord",
    "city": "Sherbrooke",
    "province": "Quebec",
    "country": "Canada",
    "postal_code": "J1R0K7",
    "public_phone_number": 0,
    "public_email": 0,
    "latitude": 45.392472,
    "longitude": -72.039604
  },
  {
    "id": 127,
    "name": "ZAP - Eggsfruits King Ouest",
    "description": 0,
    "civic_number": 4200,
    "street_name": "King Ouest",
    "city": "Sherbrooke",
    "province": "Québec",
    "country": "Canada",
    "postal_code": "J1L 1V5",
    "public_phone_number": "819-562-8686",
    "public_email": 0,
    "latitude": 45.385703,
    "longitude": -71.962267
  },
  {
    "id": 129,
    "name": "ZAP - STS rue du Collège",
    "description": 0,
    "civic_number": 400,
    "street_name": "rue du Cegep",
    "city": "Sherbrooke",
    "province": "Québec",
    "country": "Canada",
    "postal_code": 0,
    "public_phone_number": "819-564-2687",
    "public_email": 0,
    "latitude": 45.411873,
    "longitude": -71.884458
  },
  {
    "id": 130,
    "name": "ZAP - Excellence Fitness",
    "description": "Excellence Fitness",
    "civic_number": 1261,
    "street_name": "King Est",
    "city": "Sherbrooke",
    "province": "Quebec",
    "country": "Canada",
    "postal_code": "J1G1E7",
    "public_phone_number": "819-562-8524",
    "public_email": 0,
    "latitude": 45.409207,
    "longitude": -71.860628
  },
  {
    "id": 131,
    "name": "ZAP - Méchant Steak",
    "description": 0,
    "civic_number": 111,
    "street_name": "Wellington N",
    "city": "Sherbrooke",
    "province": "QC",
    "country": "Canada",
    "postal_code": "J1H 5B9",
    "public_phone_number": "(819) 791-5544",
    "public_email": 0,
    "latitude": 45.403182,
    "longitude": -71.891415
  },
  {
    "id": 133,
    "name": "ZAP - Auberge Sutton Brouërie",
    "description": 0,
    "civic_number": 27,
    "street_name": "PRINCIPALE SUD",
    "city": "SUTTON",
    "province": "QUEBEC",
    "country": "CANADA",
    "postal_code": "J0E2K0",
    "public_phone_number": 4505380005,
    "public_email": 0,
    "latitude": 45.097991,
    "longitude": -72.623106
  },
  {
    "id": 134,
    "name": "ZAP - Pro-Gestion Estrie",
    "description": 0,
    "civic_number": 93,
    "street_name": "Wellington Nord",
    "city": "Sherbrooke",
    "province": "Québec",
    "country": "Canada",
    "postal_code": "J1H 5B6",
    "public_phone_number": "819-822-6162",
    "public_email": "information@progestion.qc.ca",
    "latitude": 45.40288,
    "longitude": -71.891226
  },
  {
    "id": 136,
    "name": "ZAP - Sebby's",
    "description": 0,
    "civic_number": 83,
    "street_name": "Queen",
    "city": "Sherbrooke",
    "province": "Québec",
    "country": "Canada",
    "postal_code": "J2M 1J3",
    "public_phone_number": "819-569-9755",
    "public_email": 0,
    "latitude": 45.364179,
    "longitude": -71.85641
  },
  {
    "id": 137,
    "name": "ZAP - Mikes Bromont",
    "description": "Mikes Bromont",
    "civic_number": 22,
    "street_name": "St-Hubert",
    "city": "Bromont",
    "province": "Québec",
    "country": "Canada",
    "postal_code": "J2L 3M8",
    "public_phone_number": "450-534-0404",
    "public_email": 0,
    "latitude": 45.333421,
    "longitude": -72.646848
  },
  {
    "id": 138,
    "name": "ZAP - Old Lenoxville Golf Club",
    "description": "Club House",
    "civic_number": 19,
    "street_name": "chemin du Golf",
    "city": "Sherbrooke",
    "province": "Quebec",
    "country": "Canada",
    "postal_code": "J1M1Z7",
    "public_phone_number": "819-562-4922",
    "public_email": 0,
    "latitude": 45.358816,
    "longitude": -71.850303
  },
  {
    "id": 142,
    "name": "ZAP - Club de Golf du Mont Orford",
    "description": 0,
    "civic_number": 3074,
    "street_name": "Chemin du Parc",
    "city": "Orford",
    "province": "Quebec",
    "country": "Canada",
    "postal_code": "J1X3W7",
    "public_phone_number": "1-819-843-5688",
    "public_email": 0,
    "latitude": 45.322492,
    "longitude": -72.188446
  },
  {
    "id": 145,
    "name": "ZAP - VOLKSWAGEN ESTRIE",
    "description": 0,
    "civic_number": 4465,
    "street_name": "BOULEVARD BOURQUE",
    "city": "SHERBROOKE",
    "province": "QUEBEC",
    "country": "CANADA",
    "postal_code": "J1N1S4",
    "public_phone_number": 0,
    "public_email": 0,
    "latitude": 45.367731,
    "longitude": -71.994556
  },
  {
    "id": 148,
    "name": "ZAP - Rotisserie Express",
    "description": 0,
    "civic_number": 10,
    "street_name": "Route 249",
    "city": "Windsor",
    "province": "Québec",
    "country": "Canada",
    "postal_code": "J1S 2T7",
    "public_phone_number": "819-845-5659",
    "public_email": 0,
    "latitude": 45.566328,
    "longitude": -72.011989
  },
  {
    "id": 150,
    "name": "ZAP - E4. Centre communautaire optimiste/local 206-1",
    "description": 0,
    "civic_number": 6670,
    "street_name": "Emery-Fontaine",
    "city": "Rock Forest",
    "province": "Quebec",
    "country": "Canada",
    "postal_code": "J1N2T2",
    "public_phone_number": "819-864-4043",
    "public_email": 0,
    "latitude": 45.347659,
    "longitude": -71.992647
  },
  {
    "id": 151,
    "name": "ZAP - Pub du Nord de Sherbrooke",
    "description": 0,
    "civic_number": 2437,
    "street_name": "King Ouest",
    "city": "Sherbrooke",
    "province": "Québec",
    "country": "Canada",
    "postal_code": "J1J 2G7",
    "public_phone_number": "819-346-7279",
    "public_email": 0,
    "latitude": 45.398553,
    "longitude": -71.932198
  },
  {
    "id": 156,
    "name": "ZAP - Siboire",
    "description": 0,
    "civic_number": 80,
    "street_name": "dépôt",
    "city": "Sherbrooke",
    "province": "Québec",
    "country": "Canada",
    "postal_code": "j1h5g1",
    "public_phone_number": "819-565-3636",
    "public_email": 0,
    "latitude": 45.399369,
    "longitude": -71.887643
  },
  {
    "id": 157,
    "name": "ZAP - Boston Pizza",
    "description": 0,
    "civic_number": 550,
    "street_name": "Jean-Paul Perreault",
    "city": "Sherbrooke",
    "province": "Quebec",
    "country": "Canada",
    "postal_code": "J1L 3A6",
    "public_phone_number": "819-565-0606",
    "public_email": 0,
    "latitude": 45.406931,
    "longitude": -71.959626
  },
  {
    "id": 158,
    "name": "ZAP - Connaught Home",
    "description": 0,
    "civic_number": 77,
    "street_name": "Main",
    "city": "North Hatley",
    "province": "Quebec",
    "country": "CANADA",
    "postal_code": "J0B 2C0",
    "public_phone_number": 0,
    "public_email": "massawippi@videotron.ca",
    "latitude": 45.275694,
    "longitude": -71.973065
  },
  {
    "id": 159,
    "name": "ZAP - D9. Bureau de l’arrondissement du Mont-Bellevue – ext. Aire de repos du Parc Belvédère",
    "description": 0,
    "civic_number": 600,
    "street_name": "rue Thibault",
    "city": "Sherbrooke",
    "province": "Qc",
    "country": "Canada",
    "postal_code": "J1H 5H8",
    "public_phone_number": 0,
    "public_email": 0,
    "latitude": 45.374941,
    "longitude": -71.892922
  },
  {
    "id": 160,
    "name": "ZAP - Eggspress Du Verger",
    "description": 0,
    "civic_number": 127,
    "street_name": "child",
    "city": "coaticook",
    "province": "quebec",
    "country": "canasa",
    "postal_code": "j1a 2b2",
    "public_phone_number": "819-849-6376",
    "public_email": "eggspress@hotmail.ca",
    "latitude": 45.134385,
    "longitude": -71.804445
  },
  {
    "id": 161,
    "name": "ZAP - F5. Centre communautaire de Loisirs de Sherbrooke",
    "description": 0,
    "civic_number": 1010,
    "street_name": "Fairmount",
    "city": "Sherbrooke",
    "province": "Québec",
    "country": "Canada",
    "postal_code": "J1H 3N3",
    "public_phone_number": "821-5601",
    "public_email": 0,
    "latitude": 45.390606,
    "longitude": -71.903067
  },
  {
    "id": 162,
    "name": "ZAP - Gestion Socpra",
    "description": 0,
    "civic_number": 35,
    "street_name": "Radisson, bureau 100",
    "city": "Sherbrooke",
    "province": "Quebec",
    "country": "Canada",
    "postal_code": "J1L1E2",
    "public_phone_number": "(819) 821-7961",
    "public_email": 0,
    "latitude": 45.395008,
    "longitude": -71.951286
  },
  {
    "id": 163,
    "name": "ZAP - IGA COATICOOK",
    "description": 0,
    "civic_number": 265,
    "street_name": "CHILD",
    "city": "COATICOOK",
    "province": "QUEBEC",
    "country": "CANADA",
    "postal_code": "J1A2B5",
    "public_phone_number": "819-849-6226",
    "public_email": "iga08046coaticook@sobeys.com",
    "latitude": 45.136418,
    "longitude": -71.804302
  },
  {
    "id": 164,
    "name": "ZAP - Café Bla-Bla",
    "description": 0,
    "civic_number": 2,
    "street_name": "Wellington Sud",
    "city": "Sherbrooke",
    "province": "Quebec",
    "country": "Canada",
    "postal_code": "J1H 5C7",
    "public_phone_number": "(819) 565-1366",
    "public_email": 0,
    "latitude": 45.401282,
    "longitude": -71.890278
  },
  {
    "id": 166,
    "name": "ZAP - CDR Estrie",
    "description": 0,
    "civic_number": 550,
    "street_name": "Dufferin",
    "city": "Sherbrooke",
    "province": "Quebec",
    "country": "Canada",
    "postal_code": "J1H 4N1",
    "public_phone_number": "819-566-0234",
    "public_email": 0,
    "latitude": 45.408202,
    "longitude": -71.897313
  },
  {
    "id": 169,
    "name": "ZAP - D10. Centre des arts de la scène Jean Besré",
    "description": 0,
    "civic_number": 250,
    "street_name": "rue Dépot",
    "city": "Sherbrooke",
    "province": "Qc",
    "country": "Canada",
    "postal_code": 0,
    "public_phone_number": 0,
    "public_email": 0,
    "latitude": 45.397757,
    "longitude": -71.887472
  },
  {
    "id": 171,
    "name": "ZAP - Media5 Corporation",
    "description": 0,
    "civic_number": 4229,
    "street_name": "Garlock Street",
    "city": "Sherbrooke",
    "province": "Quebec",
    "country": "Canada",
    "postal_code": "J1L2C8",
    "public_phone_number": "819-829-8749",
    "public_email": 0,
    "latitude": 45.407022,
    "longitude": -71.96772
  },
  {
    "id": 172,
    "name": "ZAP - Cafe Creatif Au Croquis",
    "description": 0,
    "civic_number": 196,
    "street_name": "Wellington Nord",
    "city": "Sherbrooke",
    "province": "QC",
    "country": "Canada",
    "postal_code": "J1H 5C6",
    "public_phone_number": 0,
    "public_email": 0,
    "latitude": 45.404422,
    "longitude": -71.892134
  },
  {
    "id": 173,
    "name": "ZAP - Thibault Chevrolet Cadillac Buick GMC",
    "description": 0,
    "civic_number": 3839,
    "street_name": "Rue King Ouest",
    "city": "Sherbrooke",
    "province": "Quebec",
    "country": "Canada",
    "postal_code": "J1L1W7",
    "public_phone_number": 8195637878,
    "public_email": 0,
    "latitude": 45.389499,
    "longitude": -71.959848
  },
  {
    "id": 177,
    "name": "ZAP - IGA Cookshire",
    "description": 0,
    "civic_number": 35,
    "street_name": "Principale Est",
    "city": "Cookshire-Eaton",
    "province": "Quebec",
    "country": "Canada",
    "postal_code": "J0B 1M0",
    "public_phone_number": "(819) 875-5455",
    "public_email": 0,
    "latitude": 45.412433,
    "longitude": -71.62915
  },
  {
    "id": 178,
    "name": "ZAP - Resto La Muse",
    "description": 0,
    "civic_number": 188,
    "street_name": "Heriot",
    "city": "Drummondville",
    "province": "Québec",
    "country": "Canada",
    "postal_code": "J2C1K1",
    "public_phone_number": "819 471-4664",
    "public_email": 0,
    "latitude": 45.88574,
    "longitude": -72.489799
  },
  {
    "id": 179,
    "name": "ZAP - Jack'O Rock Forest",
    "description": 0,
    "civic_number": 5000,
    "street_name": "Boul. Bourque",
    "city": 0,
    "province": "Qc",
    "country": "Canada",
    "postal_code": "J1N 2K6",
    "public_phone_number": "819-821-3139",
    "public_email": 0,
    "latitude": 45.3675,
    "longitude": -71.993816
  },
  {
    "id": 181,
    "name": "ZAP - Canadian Tire",
    "description": 0,
    "civic_number": 4100,
    "street_name": "Josaphat Rancourt",
    "city": "Sherbrooke",
    "province": "Québec",
    "country": "Canada",
    "postal_code": "J1L3C6",
    "public_phone_number": "819-566-0303",
    "public_email": 0,
    "latitude": 45.422823,
    "longitude": -71.968297
  },
  {
    "id": 182,
    "name": "ZAP - F4. Parc Jacques Cartier Pavillon Armand Nadeau",
    "description": "Parc Jacques Cartier",
    "civic_number": 200,
    "street_name": "Marchant",
    "city": "Sherbrooke",
    "province": "Qc",
    "country": "Canada",
    "postal_code": "J1J 3V2",
    "public_phone_number": 0,
    "public_email": 0,
    "latitude": 45.395444,
    "longitude": -71.916555
  },
  {
    "id": 183,
    "name": "ZAP - Restaurant La Place",
    "description": 0,
    "civic_number": 20,
    "street_name": "ST-JACQUES SUD",
    "city": "COATICOOK",
    "province": "QUEBEC",
    "country": "CANADA",
    "postal_code": "J1A 2N7",
    "public_phone_number": "819-212-6123",
    "public_email": 0,
    "latitude": 45.123974,
    "longitude": -71.796601
  },
  {
    "id": 184,
    "name": "ZAP - Pneus & Mécanique Wellington",
    "description": 0,
    "civic_number": 570,
    "street_name": "Wellington Sud",
    "city": "Sherbrooke",
    "province": "Quebec",
    "country": "Canada",
    "postal_code": "J1H 5E4",
    "public_phone_number": "819-346-5283",
    "public_email": 0,
    "latitude": 45.394873,
    "longitude": -71.886472
  },
  {
    "id": 185,
    "name": "ZAP - D11. Aréna Ivan Dugré",
    "description": 0,
    "civic_number": 1250,
    "street_name": "Galt Ouest",
    "city": "Sherbrooke",
    "province": "Québec",
    "country": "Canada",
    "postal_code": 0,
    "public_phone_number": 0,
    "public_email": 0,
    "latitude": 45.388399,
    "longitude": -71.906752
  },
  {
    "id": 188,
    "name": "ZAP - Galeries Quatre Saisons",
    "description": 0,
    "civic_number": 940,
    "street_name": "13 ième Avenue Nord",
    "city": "Sherbrooke",
    "province": "Québec",
    "country": "Canada",
    "postal_code": "J1E 3J7",
    "public_phone_number": "819-674-8667",
    "public_email": 0,
    "latitude": 45.421355,
    "longitude": -71.87065
  },
  {
    "id": 189,
    "name": "ZAP - RESTAURANT PIZZA PLUS",
    "description": 0,
    "civic_number": 20,
    "street_name": "ROUTE 116",
    "city": "DANVILLE",
    "province": "QUEBEC",
    "country": "CANADA",
    "postal_code": "J0A 1A0",
    "public_phone_number": "819 839-2127",
    "public_email": 0,
    "latitude": 45.787751,
    "longitude": -72.023005
  },
  {
    "id": 190,
    "name": "ZAP - C1. Bibliothèque de Lennoxville",
    "description": 0,
    "civic_number": 101,
    "street_name": "Queen",
    "city": "Lennoxville",
    "province": "Québec",
    "country": "Canada",
    "postal_code": "J1M1J7",
    "public_phone_number": 0,
    "public_email": 0,
    "latitude": 45.366422,
    "longitude": -71.856857
  },
  {
    "id": 193,
    "name": "ZAP - Restaurant l'entr'amis",
    "description": 0,
    "civic_number": 734,
    "street_name": "13ieme avenue",
    "city": "sherbrooke",
    "province": "Quebec",
    "country": "CANADA",
    "postal_code": "J1E 3L7",
    "public_phone_number": "819-346-5227",
    "public_email": 0,
    "latitude": 45.419122,
    "longitude": -71.872413
  },
  {
    "id": 194,
    "name": "ZAP - D4. Parc du Mont-bellevue chalet Antonio Pinard",
    "description": 0,
    "civic_number": 1460,
    "street_name": "Lalement",
    "city": "Sherbrooke",
    "province": "Québec",
    "country": "Canada",
    "postal_code": "J1H 1X1",
    "public_phone_number": 0,
    "public_email": 0,
    "latitude": 45.384443,
    "longitude": -71.908399
  },
  {
    "id": 196,
    "name": "ZAP - CFLX Radio Communautaire de l'Estrie",
    "description": 0,
    "civic_number": 67,
    "street_name": "Wellington Nord",
    "city": "Sherbrooke",
    "province": "Quebec",
    "country": "Canada",
    "postal_code": "J1H 5A9",
    "public_phone_number": 0,
    "public_email": 0,
    "latitude": 45.402466,
    "longitude": -71.89097
  },
  {
    "id": 197,
    "name": "ZAP - Champlain College Lennoxville",
    "description": 0,
    "civic_number": 2580,
    "street_name": "College Street",
    "city": "Sherbrooke",
    "province": "Quebec",
    "country": "Canada",
    "postal_code": "J1M 2K3",
    "public_phone_number": "(819) 564-3666",
    "public_email": "admissions@crc-lennox.qc.ca",
    "latitude": 45.366062,
    "longitude": -71.843891
  },
  {
    "id": 199,
    "name": "ZAP - Centre culturel Yvonne L. Bombardier",
    "description": 0,
    "civic_number": 1002,
    "street_name": "J. A. Bombardier Valcourt",
    "city": "Valcourt",
    "province": "Québec",
    "country": "Canada",
    "postal_code": "J0E2L0",
    "public_phone_number": "450 532-1551",
    "public_email": 0,
    "latitude": 45.5172,
    "longitude": -72.31647
  },
  {
    "id": 204,
    "name": "ZAP - Aeroport de Sherbrooke",
    "description": 0,
    "civic_number": 900,
    "street_name": "chemin de l'Aéroport",
    "city": "Cookshire-Eaton",
    "province": "Qc",
    "country": "Canada",
    "postal_code": "J0B 1M0",
    "public_phone_number": "819-832-1951",
    "public_email": "dg@airsherbrooke.org",
    "latitude": 45.443633,
    "longitude": -71.689568
  },
  {
    "id": 206,
    "name": "ZAP - A1. Bibliotheque Gisele-Bergeron",
    "description": 0,
    "civic_number": 81,
    "street_name": "larocque",
    "city": "Bromptonville",
    "province": "Quebec",
    "country": "Canada",
    "postal_code": "J0B1H0",
    "public_phone_number": "819-846-6645",
    "public_email": 0,
    "latitude": 45.474274,
    "longitude": -71.945438
  },
  {
    "id": 214,
    "name": "ZAP - B5. Terrain soccer Sylvie Daigle",
    "description": "ZAP - Terrain de soccer olympique 1Terrain synthétique extérieur du plateau Sylvie Daigle",
    "civic_number": 360,
    "street_name": "rue du Gégep",
    "city": "Sherbrooke",
    "province": "Qc",
    "country": "Canada",
    "postal_code": "J1E 2J9",
    "public_phone_number": 0,
    "public_email": 0,
    "latitude": 45.411933,
    "longitude": -71.881867
  },
  {
    "id": 215,
    "name": "ZAP - D6. Parc Lucien Blanchard-extérieur Aire de repos",
    "description": 0,
    "civic_number": 755,
    "street_name": "Cabana",
    "city": "Sherbrooke",
    "province": "Québec",
    "country": "Canada",
    "postal_code": "J1K 2V1",
    "public_phone_number": 0,
    "public_email": 0,
    "latitude": 45.394634,
    "longitude": -71.927797
  },
  {
    "id": 216,
    "name": "ZAP - R.C.P.E.",
    "description": "Regroupement des Centres de la petite enfance des cantons de l'est",
    "civic_number": 1951,
    "street_name": "Belvédère Sud",
    "city": "Sherbrooke",
    "province": "Québec",
    "country": "Canada",
    "postal_code": "J1H 5Y3",
    "public_phone_number": "819-566-7131",
    "public_email": "communication@cpe-estrie.org",
    "latitude": 45.40336,
    "longitude": -71.891535
  },
  {
    "id": 217,
    "name": "ZAP - Charlie viande fumée",
    "description": 0,
    "civic_number": 10,
    "street_name": "Camirand",
    "city": "Sherbrooke",
    "province": "Québec",
    "country": "Canada",
    "postal_code": "J1H 4J5",
    "public_phone_number": "819 566-4443",
    "public_email": 0,
    "latitude": 45.399115,
    "longitude": -71.89493
  },
  {
    "id": 219,
    "name": "ZAP - A4. Centre sportif Philippe Bergeron",
    "description": "Aréna Philippe-Bergeron",
    "civic_number": 50,
    "street_name": "rue docteur Allard",
    "city": "Sherbrooke",
    "province": "Qc",
    "country": "Canada",
    "postal_code": "J1C 0S4",
    "public_phone_number": 0,
    "public_email": 0,
    "latitude": 45.474341,
    "longitude": -71.952915
  },
  {
    "id": 222,
    "name": "ZAP - Le Liverpool",
    "description": 0,
    "civic_number": 28,
    "street_name": "Wellington Sud",
    "city": "Sherbrooke",
    "province": "Québec",
    "country": "Canada",
    "postal_code": "J1H 5C7",
    "public_phone_number": "819-822-3724",
    "public_email": "info@liverpool.ca",
    "latitude": 45.400861,
    "longitude": -71.889811
  },
  {
    "id": 224,
    "name": "ZAP - Carrefour jeunesse-emploi de Sherbrooke",
    "description": 0,
    "civic_number": 20,
    "street_name": "Rue Wellington Nord",
    "city": "Sherbrooke",
    "province": "Quebec",
    "country": "Canada",
    "postal_code": "J1H5B7",
    "public_phone_number": "819-565-2722",
    "public_email": 0,
    "latitude": 45.401717,
    "longitude": -71.890506
  },
  {
    "id": 225,
    "name": "ZAP - D12. La Société d'Histoire de Sherbrooke",
    "description": "La Société d'histoire de Sherbrooke",
    "civic_number": 275,
    "street_name": "rue Dufferin",
    "city": "Sherbrooke",
    "province": "Qc",
    "country": "Canada",
    "postal_code": "J1H 4M5",
    "public_phone_number": 0,
    "public_email": 0,
    "latitude": 45.40576,
    "longitude": -71.894841
  },
  {
    "id": 226,
    "name": "ZAP - Café Aragon",
    "description": 0,
    "civic_number": 1497,
    "street_name": "Galt Ouest",
    "city": "Sherbrooke",
    "province": "Quebec",
    "country": "Canada",
    "postal_code": "J1H2B3",
    "public_phone_number": "819-820-0142",
    "public_email": 0,
    "latitude": 45.389631,
    "longitude": -71.9135
  },
  {
    "id": 228,
    "name": "ZAP - Pneus Shermont",
    "description": 0,
    "civic_number": 1350,
    "street_name": "King Est",
    "city": "Sherbrooke",
    "province": "Quebec",
    "country": "Canada",
    "postal_code": "J1G1E4",
    "public_phone_number": "819-821-2550",
    "public_email": "pneussher-mont@videotron.ca",
    "latitude": 45.409024,
    "longitude": -71.857198
  },
  {
    "id": 230,
    "name": "ZAP - Le cafe du Globe",
    "description": 0,
    "civic_number": 2330,
    "street_name": "Galt Ouest",
    "city": "Sherbrooke",
    "province": "Quebec",
    "country": "Canada",
    "postal_code": "J1K 1K5",
    "public_phone_number": "819 791-0651",
    "public_email": 0,
    "latitude": 45.387019,
    "longitude": -71.930067
  },
  {
    "id": 231,
    "name": "ZAP - Centre de Productique Intégrée Du Québec Inc",
    "description": 0,
    "civic_number": 720,
    "street_name": "Longpré",
    "city": "Sherbrooke",
    "province": "Québec",
    "country": "Canada",
    "postal_code": "J1G4L3",
    "public_phone_number": "819-822-8998",
    "public_email": 0,
    "latitude": 45.398842,
    "longitude": -71.860832
  },
  {
    "id": 233,
    "name": "ZAP - Resto Bar la Galoche",
    "description": 0,
    "civic_number": 1065,
    "street_name": "du marché",
    "city": "acton vale",
    "province": "Québec",
    "country": "Canada",
    "postal_code": "J0H 1A0",
    "public_phone_number": "450 546-4011",
    "public_email": 0,
    "latitude": 45.650063,
    "longitude": -72.565556
  },
  {
    "id": 234,
    "name": "ZAP - Club de Golf de Sherbrooke",
    "description": "fax: 563-1549",
    "civic_number": 1000,
    "street_name": "Musset",
    "city": "Sherbrooke",
    "province": "QC",
    "country": "Canada",
    "postal_code": "J1J 3X4",
    "public_phone_number": "(819) 569-6534",
    "public_email": 0,
    "latitude": 45.414265,
    "longitude": -71.927626
  },
  {
    "id": 235,
    "name": "ZAP - F2. Bureau d'information touristique",
    "description": 0,
    "civic_number": 785,
    "street_name": "King Ouest",
    "city": "Sherbrooke",
    "province": "Quebec",
    "country": "Canada",
    "postal_code": "J1H1R8",
    "public_phone_number": "819-821-1919",
    "public_email": 0,
    "latitude": 45.398648,
    "longitude": -71.899839
  },
  {
    "id": 238,
    "name": "ZAP - Grace Christian Home",
    "description": "Richard Tracy ou Jim Davidson de Bishop's",
    "civic_number": 1501,
    "street_name": "Campbell",
    "city": "Sherbrooke",
    "province": "Quebec",
    "country": "Canada",
    "postal_code": "J1M 0C1",
    "public_phone_number": "819 569-0546",
    "public_email": "massawippi@videotron.ca",
    "latitude": 45.342177,
    "longitude": -71.843569
  },
  {
    "id": 239,
    "name": "ZAP - Restaurant MIKES",
    "description": 0,
    "civic_number": 1705,
    "street_name": "King Ouest",
    "city": "Sherbrooke",
    "province": "Québec",
    "country": "Canada",
    "postal_code": "J1J 2C9",
    "public_phone_number": "819-564-1090",
    "public_email": 0,
    "latitude": 45.398872,
    "longitude": -71.915882
  },
  {
    "id": 242,
    "name": "ZAP - Brunelle",
    "description": 0,
    "civic_number": 10,
    "street_name": "Main Ouest",
    "city": "Coaticook",
    "province": "QC",
    "country": "Canada",
    "postal_code": "J1A 1P2",
    "public_phone_number": "819-849-3608",
    "public_email": "rockh@brunelle.tv",
    "latitude": 45.131953,
    "longitude": -71.813486
  },
  {
    "id": 246,
    "name": "ZAP - SANC",
    "description": 0,
    "civic_number": 535,
    "street_name": "short",
    "city": "sherbrooke",
    "province": "QC",
    "country": "Canada",
    "postal_code": "J1H 2E6",
    "public_phone_number": "819-566-5373",
    "public_email": "sanc@sanc-sherbrooke.ca",
    "latitude": 45.39266,
    "longitude": -71.893946
  },
  {
    "id": 247,
    "name": "ZAP - Centre de Beauté Confidence",
    "description": 0,
    "civic_number": 275,
    "street_name": "King Ouest",
    "city": "Sherbrooke",
    "province": "Québec",
    "country": "Canada",
    "postal_code": "J1H 1R2",
    "public_phone_number": "819-346-8488",
    "public_email": "info@confidence.ca",
    "latitude": 45.400057,
    "longitude": -71.893666
  },
  {
    "id": 248,
    "name": "ZAP - D5. Marché de la gare – extérieur  Aire de repos",
    "description": 0,
    "civic_number": 510,
    "street_name": "Minto",
    "city": "Sherbrooke",
    "province": "Qc",
    "country": "Canada",
    "postal_code": "J1H 1T6",
    "public_phone_number": 0,
    "public_email": 0,
    "latitude": 45.397169,
    "longitude": -71.896548
  },
  {
    "id": 250,
    "name": "ZAP - Centre de formation Champlain",
    "description": 0,
    "civic_number": 554,
    "street_name": "de l'Ontario",
    "city": "Sherbrooke",
    "province": "Québec",
    "country": "Canada",
    "postal_code": "J1J3R6",
    "public_phone_number": 0,
    "public_email": 0,
    "latitude": 45.406848,
    "longitude": -71.907749
  },
  {
    "id": 251,
    "name": "ZAP - Boque Biere",
    "description": 0,
    "civic_number": 50,
    "street_name": "wellington nord",
    "city": "sherbrooke",
    "province": "Québec",
    "country": "Canada",
    "postal_code": 0,
    "public_phone_number": 0,
    "public_email": 0,
    "latitude": "NULL",
    "longitude": "NULL"
  },
  {
    "id": 253,
    "name": "ZAP - Camping de la Fondation Roger Talbot",
    "description": "Camping de la Fondation Roger Talbot",
    "civic_number": 2070,
    "street_name": "Avenue du Lac W",
    "city": "Roxton Pond",
    "province": "Qc",
    "country": "Canada",
    "postal_code": 0,
    "public_phone_number": "450-777-7190",
    "public_email": "danielgauthier3@hotmail.com",
    "latitude": 45.45852,
    "longitude": -72.6497
  },
  {
    "id": 257,
    "name": "ZAP - B1. Centre multisport Roland-Dussault",
    "description": 0,
    "civic_number": 350,
    "street_name": "Terril, suite 266",
    "city": "Sherbrooke",
    "province": "Qc",
    "country": "Canada",
    "postal_code": "J1E 3S7",
    "public_phone_number": "819-564-6226",
    "public_email": "mailto:bfontaine@cmssherbrooke.ca",
    "latitude": 45.413474,
    "longitude": -71.882505
  },
  {
    "id": 258,
    "name": "ZAP - Restaurant TWIST",
    "description": 0,
    "civic_number": 4590,
    "street_name": "Boulevard Bourque",
    "city": "Sherbrooke",
    "province": "Quebec",
    "country": "Canada",
    "postal_code": "J1N 2A8",
    "public_phone_number": "819-570-3557",
    "public_email": "administration@restauranttwist.com",
    "latitude": 45.375051,
    "longitude": -71.981206
  },
  {
    "id": 259,
    "name": "ZAP - Garage René Jacques inc.",
    "description": 0,
    "civic_number": 7110,
    "street_name": "Boul. Bourque",
    "city": "Sherbrooke",
    "province": "Qc",
    "country": "Canada",
    "postal_code": "J1N 3L9",
    "public_phone_number": "819-864-4278",
    "public_email": 0,
    "latitude": 45.383942,
    "longitude": -71.96614
  },
  {
    "id": 260,
    "name": "ZAP - Da Toni",
    "description": "Restaurant Da Toni",
    "civic_number": 15,
    "street_name": "Belvedere nord",
    "city": "Sherbrooke",
    "province": "Quebec",
    "country": "Canada",
    "postal_code": "J1H 4A7",
    "public_phone_number": "819-346-8441",
    "public_email": 0,
    "latitude": 45.398887,
    "longitude": -71.897085
  },
  {
    "id": 263,
    "name": "ZAP - Motel des cèdres",
    "description": "Fax: ?",
    "civic_number": 6210,
    "street_name": "Boul. Bourque",
    "city": "Sherbrooke",
    "province": "Québec",
    "country": "Canada",
    "postal_code": "J1N 1H3",
    "public_phone_number": "819-864-4322",
    "public_email": 0,
    "latitude": 45.383942,
    "longitude": -71.96614
  },
  {
    "id": 264,
    "name": "ZAP - Resto Chez Dadou",
    "description": 0,
    "civic_number": 205,
    "street_name": "Principal",
    "city": "St-Romain",
    "province": "Québec",
    "country": "Canada",
    "postal_code": "G0Y1L0",
    "public_phone_number": 4184867575,
    "public_email": 0,
    "latitude": 45.748402,
    "longitude": -71.006072
  },
  {
    "id": 267,
    "name": "ZAP - CSSS-IUGS - CLSC 1200 King Est - 2",
    "description": 0,
    "civic_number": 0,
    "street_name": "King Est",
    "city": "Sherbrooke",
    "province": "QC",
    "country": "Canada",
    "postal_code": "J1G 1E4",
    "public_phone_number": "(819) 780-2222",
    "public_email": "plallier.csss-iugs@ssss.gouv.qc.ca",
    "latitude": 45.408818,
    "longitude": -71.853617
  },
  {
    "id": 275,
    "name": "ZAP - Bar à pâtes Mia Pasta",
    "description": 0,
    "civic_number": 1824,
    "street_name": "King Ouest",
    "city": "Sherbrooke",
    "province": "QC",
    "country": "Canada",
    "postal_code": 0,
    "public_phone_number": 0,
    "public_email": 0,
    "latitude": 45.398479,
    "longitude": -71.920581
  },
  {
    "id": 276,
    "name": "ZAP - CSSS-IUGS - Hôpital et centre d’hébergement Argyll",
    "description": 0,
    "civic_number": 375,
    "street_name": "rue Argyll",
    "city": "Sherbrooke",
    "province": "QC",
    "country": "Canada",
    "postal_code": "J1J 3H5",
    "public_phone_number": 0,
    "public_email": 0,
    "latitude": 45.403716,
    "longitude": -71.913298
  },
  {
    "id": 277,
    "name": "ZAP - CSSS-IUGS - Hôpital et centre d’hébergement D’Youville",
    "description": 0,
    "civic_number": 1036,
    "street_name": "Belvédère Sud",
    "city": "Sherbrooke",
    "province": "QC",
    "country": "Canada",
    "postal_code": "J1H 4C4",
    "public_phone_number": 0,
    "public_email": 0,
    "latitude": 45.390691,
    "longitude": -71.896039
  },
  {
    "id": 278,
    "name": "ZAP - CSSS-IUGS -Centre d’hébergement St-Joseph",
    "description": 0,
    "civic_number": 611,
    "street_name": "Queen-Victoria Nord",
    "city": "Sherbrooke",
    "province": "QC",
    "country": "Canada",
    "postal_code": "J1H 3R6",
    "public_phone_number": 0,
    "public_email": 0,
    "latitude": 45.407297,
    "longitude": -71.901624
  },
  {
    "id": 279,
    "name": "ZAP - CSSS-IUGS - CLSC 50, rue Camirand",
    "description": 0,
    "civic_number": 50,
    "street_name": "Camirand",
    "city": "Sherbrooke",
    "province": "QC",
    "country": "Canada",
    "postal_code": "J1H 4J5",
    "public_phone_number": 0,
    "public_email": 0,
    "latitude": 45.398775,
    "longitude": -71.894493
  },
  {
    "id": 280,
    "name": "ZAP - Café Mazagan",
    "description": 0,
    "civic_number": 340,
    "street_name": "Belvédère S",
    "city": "Sherbrooke",
    "province": "QC",
    "country": "Canada",
    "postal_code": "J1H 4B5",
    "public_phone_number": "(819) 791-9191",
    "public_email": 0,
    "latitude": 45.395776,
    "longitude": -71.894769
  },
  {
    "id": 281,
    "name": "ZAP - Le four à bois d'Orford",
    "description": 0,
    "civic_number": 2197,
    "street_name": "chemin du Parc",
    "city": "Orford",
    "province": "Quebec",
    "country": "Canada",
    "postal_code": "J1X7A2",
    "public_phone_number": "819-868-0858",
    "public_email": "info@lefouraboisdorford.com",
    "latitude": 45.306348,
    "longitude": -72.16535
  },
  {
    "id": 283,
    "name": "ZAP - Salon de Quilles Alpha",
    "description": 0,
    "civic_number": 4450,
    "street_name": "Boul. Bourque",
    "city": "Sherbrooke",
    "province": "QC",
    "country": "Canada",
    "postal_code": "J1N 1S3",
    "public_phone_number": "(819) 348-4450",
    "public_email": 0,
    "latitude": 45.37749,
    "longitude": -71.97687
  },
  {
    "id": 289,
    "name": "ZAP - CSSS-IUGS - Édifice 500, rue Murray",
    "description": 0,
    "civic_number": 500,
    "street_name": "Murray",
    "city": "Sherbrooke",
    "province": "Québec",
    "country": "Canada",
    "postal_code": "J1G 2K6",
    "public_phone_number": 0,
    "public_email": 0,
    "latitude": 45.400888,
    "longitude": -71.877476
  },
  {
    "id": 290,
    "name": "ZAP - CSSS du Granit",
    "description": 0,
    "civic_number": 3569,
    "street_name": "Laval",
    "city": "Lac-Megantic",
    "province": "Quebec",
    "country": "Canada",
    "postal_code": "G6B1A5",
    "public_phone_number": "819-583-0330",
    "public_email": 0,
    "latitude": 45.589815,
    "longitude": -70.905894
  },
  {
    "id": 291,
    "name": "ZAP - CSSS-IUGS - Centre d’hébergement St-Vincent",
    "description": 0,
    "civic_number": 300,
    "street_name": "King Est",
    "city": "Sherbrooke",
    "province": "Quebec",
    "country": "Canada",
    "postal_code": "J1G 1B1",
    "public_phone_number": "819-780-2222",
    "public_email": "plallier.csss-iugs@ssss.gouv.qc.ca",
    "latitude": 45.406729,
    "longitude": -71.882289
  },
  {
    "id": 293,
    "name": "ZAP - Antidote Food Lab",
    "description": 0,
    "civic_number": 35,
    "street_name": "Belvedere N. suite 110",
    "city": "Sherbrooke",
    "province": "Quebec",
    "country": "Canada",
    "postal_code": "J1H 4A7",
    "public_phone_number": "819-791-9117",
    "public_email": 0,
    "latitude": 45.399144,
    "longitude": -71.897249
  },
  {
    "id": 295,
    "name": "ZAP - Dany Vaillancourt",
    "description": 0,
    "civic_number": 0,
    "street_name": 0,
    "city": 0,
    "province": 0,
    "country": 0,
    "postal_code": 0,
    "public_phone_number": 0,
    "public_email": 0,
    "latitude": "NULL",
    "longitude": "NULL"
  },
  {
    "id": 296,
    "name": "ZAP - Friterie Laurier",
    "description": 0,
    "civic_number": 1060,
    "street_name": "Blv. Laurier",
    "city": "St-Hyacinthe",
    "province": "Quebec",
    "country": "Canada",
    "postal_code": "J2T 1K1",
    "public_phone_number": "450-778-0411",
    "public_email": 0,
    "latitude": 45.631346,
    "longitude": -72.935625
  },
  {
    "id": 297,
    "name": "ZAP - Restaurant An Phu",
    "description": 0,
    "civic_number": 1105,
    "street_name": "King Est",
    "city": "Sherbrooke",
    "province": "QC",
    "country": "Canada",
    "postal_code": "J1G 1E5",
    "public_phone_number": "819-569-1445",
    "public_email": 0,
    "latitude": 45.408296,
    "longitude": -71.864655
  },
  {
    "id": 298,
    "name": "ZAP - F7. Centre de Foires de Sherbrooke",
    "description": 0,
    "civic_number": 1600,
    "street_name": "du Plateau-Saint-Joseph",
    "city": "Sherbrooke",
    "province": "QC",
    "country": "Canada",
    "postal_code": 0,
    "public_phone_number": 0,
    "public_email": 0,
    "latitude": "NULL",
    "longitude": "NULL"
  },
  {
    "id": 300,
    "name": "ZAP - Restaurant Louis King Ouest",
    "description": 0,
    "civic_number": 1875,
    "street_name": "King Ouest",
    "city": "Sherbrooke",
    "province": "QC",
    "country": "Canada",
    "postal_code": 0,
    "public_phone_number": 0,
    "public_email": 0,
    "latitude": 45.398593,
    "longitude": -71.920532
  },
  {
    "id": 302,
    "name": "ZAP - Mikes King Est",
    "description": 0,
    "civic_number": 735,
    "street_name": "King Est",
    "city": "Sherbrooke",
    "province": "Quebec",
    "country": "Canada",
    "postal_code": "J1G 1C3",
    "public_phone_number": "819-565-3030",
    "public_email": 0,
    "latitude": 45.407999,
    "longitude": -71.873001
  },
  {
    "id": 303,
    "name": "ZAP - La Maison Aube-Lumière",
    "description": 0,
    "civic_number": 3071,
    "street_name": "12e Avenue N",
    "city": "Sherbrooke",
    "province": "QC",
    "country": "Canada",
    "postal_code": "J1H 5H3",
    "public_phone_number": 0,
    "public_email": "info@lamaisonaube-lumiere.qc.ca",
    "latitude": 45.445095,
    "longitude": -71.865692
  },
  {
    "id": 305,
    "name": "ZAP - Restaurant Jack-O Coaticook",
    "description": "Restaurant Jack’O Coaticook385 Child, Coaticook, QcJ1A2B5",
    "civic_number": 385,
    "street_name": "Rue Child",
    "city": "Coaticook",
    "province": "Québec",
    "country": "Canada",
    "postal_code": "J1A2B5",
    "public_phone_number": 0,
    "public_email": 0,
    "latitude": 45.138608,
    "longitude": -71.807355
  },
  {
    "id": 306,
    "name": "ZAP - Brasserie Fleurimont",
    "description": 0,
    "civic_number": 1325,
    "street_name": "12e Av Nord",
    "city": "Sherbrooke",
    "province": "Quebec",
    "country": "Canada",
    "postal_code": "J1E 3P6",
    "public_phone_number": 0,
    "public_email": 0,
    "latitude": 45.425196,
    "longitude": -71.871748
  },
  {
    "id": 308,
    "name": "ZAP - OMG Burger",
    "description": 0,
    "civic_number": 1175,
    "street_name": "KING OUEST",
    "city": "Sherbrooke",
    "province": "Quebec",
    "country": "Canada",
    "postal_code": "J1H 1S6",
    "public_phone_number": 0,
    "public_email": 0,
    "latitude": 45.399034,
    "longitude": -71.906762
  },
  {
    "id": 309,
    "name": "ZAP - E2. Centre communautaire Richard Gingras/local 209",
    "description": 0,
    "civic_number": 4503,
    "street_name": "chemin Saint-Roch Nord",
    "city": "Sherbrooke",
    "province": "Quebec",
    "country": "Canada",
    "postal_code": "J1R 0K7",
    "public_phone_number": 0,
    "public_email": 0,
    "latitude": 45.392584,
    "longitude": -72.040219
  },
  {
    "id": 311,
    "name": "ZAP - Buffet des Continents",
    "description": 0,
    "civic_number": 340,
    "street_name": "Belvedere Sud",
    "city": "Sherbrooke",
    "province": "Quebec",
    "country": "Canada",
    "postal_code": "J1H 0E9",
    "public_phone_number": "819-564-1099",
    "public_email": "tonycommatas@hotmail.com",
    "latitude": 45.395821,
    "longitude": -71.89443
  },
  {
    "id": 312,
    "name": "ZAP - Resto D’Austin SEMC",
    "description": 0,
    "civic_number": 2188,
    "street_name": "chemin Nicolas",
    "city": "Austin",
    "province": "Quebec",
    "country": "Canada",
    "postal_code": "J0B  1B0",
    "public_phone_number": 0,
    "public_email": 0,
    "latitude": 45.184064,
    "longitude": -72.276689
  },
  {
    "id": 313,
    "name": "ZAP - Scores Sherbrooke",
    "description": 0,
    "civic_number": 2800,
    "street_name": "King Ouest",
    "city": "Sherbrooke",
    "province": "Quebec",
    "country": "Canada",
    "postal_code": "J1L 1Y7",
    "public_phone_number": 0,
    "public_email": 0,
    "latitude": 45.397716,
    "longitude": -71.941171
  },
  {
    "id": 317,
    "name": "ZAP - Canard Gourmand",
    "description": 0,
    "civic_number": 188,
    "street_name": "principale est",
    "city": "Farnham",
    "province": "Québec",
    "country": "Canada",
    "postal_code": "J2N 1L4",
    "public_phone_number": "(450) 337-1229",
    "public_email": 0,
    "latitude": "NULL",
    "longitude": "NULL"
  },
  {
    "id": 319,
    "name": "ZAP - MicroAge Sherbrooke",
    "description": 0,
    "civic_number": 740,
    "street_name": "Galt Ouest",
    "city": "Sherbrooke",
    "province": "Quebec",
    "country": "Canada",
    "postal_code": "J1H 1Z3",
    "public_phone_number": "819-569-9663",
    "public_email": 0,
    "latitude": 45.393842,
    "longitude": -71.897231
  },
  {
    "id": 321,
    "name": "ZAP - Spot Jeunesse de Sherbrooke",
    "description": "Cell: 819-820-4793",
    "civic_number": 525,
    "street_name": "Galt Ouest",
    "city": "Sherbrooke",
    "province": "Québec",
    "country": "Canada",
    "postal_code": "J1H 5J7",
    "public_phone_number": "819-821-1988",
    "public_email": 0,
    "latitude": 45.394511,
    "longitude": -71.893678
  },
  {
    "id": 326,
    "name": "ZAP - Chez Renaud Comptoirs Gourmet",
    "description": 0,
    "civic_number": 2655,
    "street_name": "King Ouest",
    "city": "Sherbrooke",
    "province": "Québec",
    "country": "Canada",
    "postal_code": "J1L 2G4",
    "public_phone_number": 0,
    "public_email": 0,
    "latitude": 45.398289,
    "longitude": -71.938479
  },
  {
    "id": 338,
    "name": "ZAP - L'Ami-Daniel Unipneu",
    "description": 0,
    "civic_number": 1466,
    "street_name": "Denault",
    "city": "Sherbrooke",
    "province": "Québec",
    "country": 0,
    "postal_code": 0,
    "public_phone_number": "819-829-0757",
    "public_email": 0,
    "latitude": 45.388964,
    "longitude": -71.909448
  },
  {
    "id": 344,
    "name": "ZAP - Restaurant Auguste",
    "description": 0,
    "civic_number": 0,
    "street_name": 0,
    "city": 0,
    "province": 0,
    "country": 0,
    "postal_code": 0,
    "public_phone_number": 0,
    "public_email": 0,
    "latitude": "NULL",
    "longitude": "NULL"
  },
  {
    "id": 345,
    "name": "ZAP - Freddy Pizzeria",
    "description": 0,
    "civic_number": 835,
    "street_name": "Conseil",
    "city": "Sherbrooke",
    "province": "Québec",
    "country": "Canada",
    "postal_code": "J1G3L2",
    "public_phone_number": 0,
    "public_email": 0,
    "latitude": 45.403737,
    "longitude": -71.871516
  },
  {
    "id": 347,
    "name": "ZAP - Le Club Stan-Buy",
    "description": 0,
    "civic_number": 219,
    "street_name": "Wellington Sud",
    "city": "Sherbrooke",
    "province": "Québec",
    "country": "Canada",
    "postal_code": "J1H 5E1",
    "public_phone_number": "819-566-5595",
    "public_email": 0,
    "latitude": 45.397722,
    "longitude": -71.888089
  },
  {
    "id": 350,
    "name": "ZAP - Hôtellerie Jardins de Ville #3",
    "description": 0,
    "civic_number": 4235,
    "street_name": "Boulevard Bourque",
    "city": "Sherbrooke",
    "province": "Quebec",
    "country": "Canada",
    "postal_code": "J1L 1N7",
    "public_phone_number": "819-919-3958",
    "public_email": 0,
    "latitude": 45.384688,
    "longitude": -71.965025
  },
  {
    "id": 353,
    "name": "ZAP - Quatral",
    "description": 0,
    "civic_number": 6618,
    "street_name": "Boulevard Bourque",
    "city": "Sherbrooke",
    "province": "Québec",
    "country": "Canada",
    "postal_code": "J1N 1H3",
    "public_phone_number": "819-575-8080",
    "public_email": 0,
    "latitude": 45.351006,
    "longitude": -72.024468
  },
  {
    "id": 354,
    "name": "ZAP - Déjeuner Eggspresso Café Bistro",
    "description": 0,
    "civic_number": 1747,
    "street_name": "Sherbrooke",
    "city": "Magog",
    "province": "Québec",
    "country": "Canada",
    "postal_code": "J1X 2T5",
    "public_phone_number": "819-769-4224",
    "public_email": 0,
    "latitude": 45.275898,
    "longitude": -72.132608
  },
  {
    "id": 355,
    "name": "ZAP - Restaurant Viet Cantine",
    "description": 0,
    "civic_number": 107,
    "street_name": "Queen",
    "city": "Sherbrooke",
    "province": "Québec",
    "country": "Canada",
    "postal_code": "J1M 1V4",
    "public_phone_number": "819-346-5757",
    "public_email": 0,
    "latitude": 45.366472,
    "longitude": -71.856519
  },
  {
    "id": 357,
    "name": "ZAP - DT-Bistro RF",
    "description": 0,
    "civic_number": 4880,
    "street_name": "Boul. Bourque",
    "city": "Sherbrooke",
    "province": "Québec",
    "country": "Canada",
    "postal_code": "J1N 2A7",
    "public_phone_number": "(819) 822-4777",
    "public_email": 0,
    "latitude": 45.371811,
    "longitude": -71.986948
  },
  {
    "id": 358,
    "name": "ZAP - IGA Bouchard",
    "description": 0,
    "civic_number": 6185,
    "street_name": "Chemin St-Elie",
    "city": "Sherbrooke",
    "province": "Québec",
    "country": "Canada",
    "postal_code": "J1H 5B9",
    "public_phone_number": "819-566-8555",
    "public_email": 0,
    "latitude": 45.394411,
    "longitude": -72.013681
  },
  {
    "id": 360,
    "name": "ZAP - l’Omnibouffe",
    "description": 0,
    "civic_number": 668,
    "street_name": "Bowen Sud",
    "city": "Sherbrooke",
    "province": "Québec",
    "country": "Canada",
    "postal_code": "J1G 2E9",
    "public_phone_number": "(819) 823-5337",
    "public_email": 0,
    "latitude": 45.3967,
    "longitude": -71.878502
  },
  {
    "id": 361,
    "name": "ZAP - Clinique Dentaire Rock Forest",
    "description": 0,
    "civic_number": 4857,
    "street_name": "Boul. Bourque",
    "city": "Rock Forest",
    "province": "Québec",
    "country": "Canada",
    "postal_code": "J1N 1E8",
    "public_phone_number": "819-943-4857",
    "public_email": 0,
    "latitude": 45.370684,
    "longitude": -71.989455
  },
  {
    "id": 362,
    "name": "ZAP - NV Cloutier",
    "description": 0,
    "civic_number": 2550,
    "street_name": "King Ouest",
    "city": "Sherbrooke",
    "province": "Québec",
    "country": "Canada",
    "postal_code": "J1J 2H1",
    "public_phone_number": "819-346-3911",
    "public_email": 0,
    "latitude": 45.398062,
    "longitude": -71.934675
  },
  {
    "id": 363,
    "name": "ZAP - Rotisserie Parenteau Junior",
    "description": 0,
    "civic_number": 2630,
    "street_name": "Dessaules",
    "city": "St-Hyacinthe",
    "province": "Québec",
    "country": "Canada",
    "postal_code": "J2S2V5",
    "public_phone_number": "450-773-8533",
    "public_email": 0,
    "latitude": 45.62205,
    "longitude": -72.956482
  },
  {
    "id": 364,
    "name": "ZAP - Café Lucas",
    "description": 0,
    "civic_number": 84,
    "street_name": "Merry Nord",
    "city": "Magog",
    "province": "Québec",
    "country": "Canada",
    "postal_code": "J1X2E6",
    "public_phone_number": "819-847-4900",
    "public_email": 0,
    "latitude": 45.267763,
    "longitude": -72.155388
  },
  {
    "id": 367,
    "name": "ZAP - Casa du Spaghetti",
    "description": 0,
    "civic_number": 604,
    "street_name": "Principale",
    "city": "Gramby",
    "province": "Québec",
    "country": "Canada",
    "postal_code": "J2G2X7",
    "public_phone_number": "450-372-3848",
    "public_email": 0,
    "latitude": 45.407726,
    "longitude": -72.742159
  },
  {
    "id": 368,
    "name": "ZAP - Ranch du Spaghetti",
    "description": 0,
    "civic_number": 0,
    "street_name": 0,
    "city": 0,
    "province": 0,
    "country": 0,
    "postal_code": 0,
    "public_phone_number": 0,
    "public_email": 0,
    "latitude": "NULL",
    "longitude": "NULL"
  },
  {
    "id": 369,
    "name": "ZAP - Brasserie Le Dauphin",
    "description": 0,
    "civic_number": 925,
    "street_name": "King Est",
    "city": "Sherbrooke",
    "province": "Québec",
    "country": "Canada",
    "postal_code": "J1H 1E3",
    "public_phone_number": "819-565-0911",
    "public_email": 0,
    "latitude": 45.40807,
    "longitude": -71.869561
  },
  {
    "id": 371,
    "name": "ZAP - Base Plein-Air André-Nadeau",
    "description": 0,
    "civic_number": 0,
    "street_name": 0,
    "city": 0,
    "province": 0,
    "country": 0,
    "postal_code": 0,
    "public_phone_number": 0,
    "public_email": 0,
    "latitude": "NULL",
    "longitude": "NULL"
  },
  {
    "id": 373,
    "name": "ZAP - CSSS Coaticook",
    "description": 0,
    "civic_number": 138,
    "street_name": "Jeanne-Mance",
    "city": "Coaticook",
    "province": "Québec",
    "country": "Canada",
    "postal_code": "J1A 1W3",
    "public_phone_number": 0,
    "public_email": 0,
    "latitude": 45.134394,
    "longitude": -71.811513
  },
  {
    "id": 375,
    "name": "ZAP - Cégep de Sherbrooke (17)",
    "description": 0,
    "civic_number": 0,
    "street_name": 0,
    "city": 0,
    "province": 0,
    "country": 0,
    "postal_code": 0,
    "public_phone_number": 0,
    "public_email": 0,
    "latitude": "NULL",
    "longitude": "NULL"
  },
  {
    "id": 376,
    "name": "ZAP - Cégep de Sherbrooke (17)",
    "description": 0,
    "civic_number": 0,
    "street_name": 0,
    "city": 0,
    "province": 0,
    "country": 0,
    "postal_code": 0,
    "public_phone_number": 0,
    "public_email": 0,
    "latitude": "NULL",
    "longitude": "NULL"
  },
  {
    "id": 377,
    "name": "ZAP - Cégep de Sherbrooke (17)",
    "description": 0,
    "civic_number": 0,
    "street_name": 0,
    "city": 0,
    "province": 0,
    "country": 0,
    "postal_code": 0,
    "public_phone_number": 0,
    "public_email": 0,
    "latitude": "NULL",
    "longitude": "NULL"
  },
  {
    "id": 378,
    "name": "ZAP - Cégep de Sherbrooke (17)",
    "description": 0,
    "civic_number": 0,
    "street_name": 0,
    "city": 0,
    "province": 0,
    "country": 0,
    "postal_code": 0,
    "public_phone_number": 0,
    "public_email": 0,
    "latitude": "NULL",
    "longitude": "NULL"
  },
  {
    "id": 379,
    "name": "ZAP - Cégep de Sherbrooke (17)",
    "description": 0,
    "civic_number": 0,
    "street_name": 0,
    "city": 0,
    "province": 0,
    "country": 0,
    "postal_code": 0,
    "public_phone_number": 0,
    "public_email": 0,
    "latitude": "NULL",
    "longitude": "NULL"
  },
  {
    "id": 380,
    "name": "ZAP - F9. Maison Bleue",
    "description": 0,
    "civic_number": 0,
    "street_name": 0,
    "city": 0,
    "province": 0,
    "country": 0,
    "postal_code": 0,
    "public_phone_number": 0,
    "public_email": 0,
    "latitude": "NULL",
    "longitude": "NULL"
  },
  {
    "id": 382,
    "name": "ZAP - Rotisserie Orford",
    "description": 0,
    "civic_number": 196,
    "street_name": "rue Sherbrooke",
    "city": "Magog",
    "province": "Québec",
    "country": "Canada",
    "postal_code": "J1X 2R6",
    "public_phone_number": "819-843-6833",
    "public_email": 0,
    "latitude": 45.266507,
    "longitude": -72.145398
  },
  {
    "id": 386,
    "name": "ZAP - Degustateur",
    "description": 0,
    "civic_number": 2222,
    "street_name": "King Est",
    "city": "Sherbrooke",
    "province": "Québec",
    "country": "Canada",
    "postal_code": "J1E 5G8",
    "public_phone_number": "819-346-4748",
    "public_email": 0,
    "latitude": 45.411635,
    "longitude": -71.841095
  },
  {
    "id": 388,
    "name": "ZAP - Maison des Jeunes Coaticook",
    "description": 0,
    "civic_number": 70,
    "street_name": "Laurence",
    "city": "Coaticook",
    "province": "Québec",
    "country": "Canada",
    "postal_code": "J1A2T7",
    "public_phone_number": "819-849-7362",
    "public_email": 0,
    "latitude": 45.133739,
    "longitude": -71.799772
  },
  {
    "id": 389,
    "name": "ZAP - Refuge des brasseurs",
    "description": 0,
    "civic_number": 2155,
    "street_name": "Galt Ouest",
    "city": "Sherbrooke",
    "province": "Québec",
    "country": "Canada",
    "postal_code": "J1K 1K3",
    "public_phone_number": 0,
    "public_email": 0,
    "latitude": 45.38716,
    "longitude": -71.925928
  },
  {
    "id": 390,
    "name": "ZAP - Siboire Jacques-Cartier",
    "description": 0,
    "civic_number": 40,
    "street_name": "Jacques-Cartier",
    "city": "Sherbrooke",
    "province": "QC",
    "country": "Canada",
    "postal_code": "J1T 2Z2",
    "public_phone_number": 0,
    "public_email": 0,
    "latitude": 45.397703,
    "longitude": -71.918715
  },
  {
    "id": 391,
    "name": "ZAP - B7. Stade Amedée-Roy",
    "description": 0,
    "civic_number": 0,
    "street_name": 0,
    "city": 0,
    "province": 0,
    "country": 0,
    "postal_code": 0,
    "public_phone_number": 0,
    "public_email": 0,
    "latitude": 45.413647,
    "longitude": -71.88758
  },
  {
    "id": 394,
    "name": "ZAP - Pub Le Moulin 7",
    "description": 0,
    "civic_number": 294,
    "street_name": "Boul. St-Luc",
    "city": "Asbestos",
    "province": "Quebec",
    "country": "Canada",
    "postal_code": "J1T 2W2",
    "public_phone_number": "(819) 437-0464",
    "public_email": "info@moulin7.com",
    "latitude": 45.775708,
    "longitude": -71.938132
  },
  {
    "id": 395,
    "name": "ZAP - Aeroport de Sherbrooke #2",
    "description": 0,
    "civic_number": 900,
    "street_name": "chemin de l'Aéroport",
    "city": "Cookshire-Eaton",
    "province": "Qc",
    "country": "Canada",
    "postal_code": "J0B 1M0",
    "public_phone_number": "819-832-1951",
    "public_email": "dg@airsherbrooke.org",
    "latitude": 45.441543,
    "longitude": -71.689273
  },
  {
    "id": 398,
    "name": "ZAP - Delia Eggxtra",
    "description": 0,
    "civic_number": 661,
    "street_name": "King Est",
    "city": "Sherbrooke",
    "province": "Québec",
    "country": "Canada",
    "postal_code": "J1G1C1",
    "public_phone_number": "819-566-5315",
    "public_email": 0,
    "latitude": 45.408093,
    "longitude": -71.874102
  },
  {
    "id": 400,
    "name": "ZAP - Uplands",
    "description": 0,
    "civic_number": 9,
    "street_name": "Speid",
    "city": "Sherbrooke",
    "province": "Québec",
    "country": "Canada",
    "postal_code": "J1M 1R9",
    "public_phone_number": "819-564-0409",
    "public_email": 0,
    "latitude": 45.368807,
    "longitude": -71.859189
  },
  {
    "id": 401,
    "name": "ZAP - Resto du Domaine",
    "description": 0,
    "civic_number": 142,
    "street_name": "route 212",
    "city": "Notre-Dame-des-Bois",
    "province": "Québec",
    "country": "Canada",
    "postal_code": "J0B 2E0",
    "public_phone_number": 0,
    "public_email": 0,
    "latitude": 45.385076,
    "longitude": -71.006425
  },
  {
    "id": 402,
    "name": "ZAP - Restaurant Le Principal",
    "description": 0,
    "civic_number": 38,
    "street_name": "St-Lambert",
    "city": "Sherbrooke",
    "province": "Québec",
    "country": "Canada",
    "postal_code": "J1C 0N7",
    "public_phone_number": 0,
    "public_email": 0,
    "latitude": 45.47481,
    "longitude": -71.942508
  },
  {
    "id": 404,
    "name": "ZAP - Resto d'l'Estrie",
    "description": 0,
    "civic_number": 714,
    "street_name": "SUD",
    "city": "Cowanscille",
    "province": "Québec",
    "country": "Canada",
    "postal_code": "J2K2Y1",
    "public_phone_number": "450-263-9100",
    "public_email": 0,
    "latitude": 45.202256,
    "longitude": -72.747621
  },
  {
    "id": 405,
    "name": "ZAP - Résidence Coté",
    "description": 0,
    "civic_number": 3180,
    "street_name": "12e Avenue Nord",
    "city": "Sherbrooke",
    "province": "Québec",
    "country": "Canada",
    "postal_code": "J1H 5H3",
    "public_phone_number": "819 569-9868",
    "public_email": "residencecote@gmail.com",
    "latitude": 45.447744,
    "longitude": -71.862212
  },
  {
    "id": 407,
    "name": "ZAP - Restaurant Chicking Est",
    "description": 0,
    "civic_number": 980,
    "street_name": "King est",
    "city": "Sherbrooke",
    "province": "Québec",
    "country": "Canada",
    "postal_code": "J1G1E4",
    "public_phone_number": 8198213333,
    "public_email": 0,
    "latitude": 45.407705,
    "longitude": -71.86766
  },
  {
    "id": 408,
    "name": "ZAP - Restaurant Chicking Ouest",
    "description": 0,
    "civic_number": 1905,
    "street_name": "King Ouest",
    "city": "Sherbrooke",
    "province": "Québec",
    "country": "Canada",
    "postal_code": "J1J2E5",
    "public_phone_number": 8198239333,
    "public_email": 0,
    "latitude": 45.398734,
    "longitude": -71.921031
  },
  {
    "id": 409,
    "name": "ZAP - Restaurant Chicking R-F",
    "description": 0,
    "civic_number": 4857,
    "street_name": "Boulevard Bourque",
    "city": "Sherbrooke",
    "province": "Québec",
    "country": "Canada",
    "postal_code": "J1N1E8",
    "public_phone_number": 8198214333,
    "public_email": 0,
    "latitude": 45.37238,
    "longitude": -71.991171
  },
  {
    "id": 410,
    "name": "ZAP - Globule Sherbrooke",
    "description": 0,
    "civic_number": 3200,
    "street_name": "King Ouest",
    "city": "Sherbrooke",
    "province": "Québec",
    "country": "Canada",
    "postal_code": "J1L 1C9",
    "public_phone_number": 0,
    "public_email": 0,
    "latitude": 45.394455,
    "longitude": -71.948348
  },
  {
    "id": 411,
    "name": "ZAP - LAMRAC",
    "description": 0,
    "civic_number": 68,
    "street_name": "Chemin Roy",
    "city": "Magog",
    "province": "Québec",
    "country": "Canada",
    "postal_code": "J1X 0N4",
    "public_phone_number": "819-843-8118",
    "public_email": 0,
    "latitude": 45.28165,
    "longitude": -72.180449
  }
]